经号,顺序,卷,所属诵,字数,会编号,备注
T99-0001,1,1,,204,,
T99-0002,2,1,,219,,
T99-0003,3,1,,152,,
T99-0004,4,1,,228,,
T99-0005,5,1,,301,,
T99-0006,6,1,,192,,
T99-0007,7,1,,190,,
T99-0008,8,1,,169,,
T99-0009,9,1,,187,,
T99-0010,10,1,,168,,
T99-0011,11,1,,233,,
T99-0012,12,1,,225,,
T99-0013,13,1,,478,,
T99-0014,14,1,,441,,
T99-0015,15,1,,762,,
T99-0016,16,1,,270,,
T99-0017,17,1,,577,,
T99-0018,18,1,,567,,
T99-0019,19,1,,529,,
T99-0020,20,1,,7,,略出（不足30字，疑为前经省略）
T99-0021,21,1,,462,,
T99-0022,22,1,,394,,
T99-0023,23,1,,454,,
T99-0024,24,1,,450,,
T99-0025,25,1,,201,,
T99-0026,26,1,,211,,
T99-0027,27,1,,187,,
T99-0028,28,1,,224,,
T99-0029,29,1,,207,,
T99-0030,30,1,,804,,
T99-0031,31,1,,737,,
T99-0032,32,1,,729,,
T99-0033,33,2,,404,,
T99-0034,34,2,,422,,
T99-0035,35,2,,289,,
T99-0036,36,2,,443,,
T99-0037,37,2,,432,,
T99-0038,38,2,,337,,
T99-0039,39,2,,593,,
T99-0040,40,2,,163,,
T99-0041,41,2,,1093,,
T99-0042,42,2,,1439,,
T99-0043,43,2,,461,,
T99-0044,44,2,,337,,
T99-0045,45,2,,387,,
T99-0046,46,2,,905,,
T99-0047,47,2,,176,,
T99-0048,48,2,,169,,
T99-0049,49,2,,229,,
T99-0050,50,2,,303,,
T99-0051,51,2,,113,,
T99-0052,52,2,,18,,略出（不足30字，疑为前经省略）
T99-0053,53,2,,831,,
T99-0054,54,2,,501,,
T99-0055,55,2,,216,,
T99-0056,56,2,,211,,
T99-0057,57,2,,1229,,
T99-0058,58,2,,1578,,
T99-0059,59,3,,256,,
T99-0060,60,3,,390,,
T99-0061,61,3,,678,,
T99-0062,62,3,,446,,
T99-0063,63,3,,402,,
T99-0064,64,3,,898,,
T99-0065,65,3,,462,,
T99-0066,66,3,,480,,
T99-0067,67,3,,518,,
T99-0068,68,3,,385,,
T99-0069,69,3,,379,,
T99-0070,70,3,,229,,
T99-0071,71,3,,643,,
T99-0072,72,3,,199,,
T99-0073,73,3,,299,,
T99-0074,74,3,,370,,
T99-0075,75,3,,392,,
T99-0076,76,3,,259,,
T99-0077,77,3,,121,,
T99-0078,78,3,,129,,
T99-0079,79,3,,276,,
T99-0080,80,3,,647,,
T99-0081,81,3,,1081,,
T99-0082,82,3,,390,,
T99-0083,83,3,,433,,
T99-0084,84,3,,179,,
T99-0085,85,3,,412,,
T99-0086,86,3,,389,,
T99-0087,87,3,,366,,
T99-0088,88,4,,198,,
T99-0089,89,4,,489,,
T99-0090,90,4,,207,,
T99-0091,91,4,,971,,
T99-0092,92,4,,898,,
T99-0093,93,4,,1941,,
T99-0094,94,4,,584,,
T99-0095,95,4,,655,,
T99-0096,96,4,,629,,含造字，已用相近的标准字替代
T99-0097,97,4,,196,,
T99-0098,98,4,,819,,
T99-0099,99,4,,459,,
T99-0100,100,4,,237,,
T99-0101,101,4,,458,,
T99-0102,102,4,,1213,,
T99-0103,103,5,,1801,,
T99-0104,104,5,,1823,,
T99-0105,105,5,,1482,,
T99-0106,106,5,,671,,
T99-0107,107,5,,1013,,
T99-0108,108,5,,1081,,
T99-0109,109,5,,1598,,
T99-0110,110,5,,4115,,
T99-0111,111,6,,359,,
T99-0112,112,6,,194,,
T99-0113,113,6,,444,,
T99-0114,114,6,,321,,
T99-0115,115,6,,388,,
T99-0116,116,6,,398,,
T99-0117,117,6,,370,,
T99-0118,118,6,,368,,
T99-0119,119,6,,372,,
T99-0120,120,6,,379,,
T99-0121,121,6,,398,,
T99-0122,122,6,,282,,
T99-0123,123,6,,593,,
T99-0124,124,6,,334,,
T99-0125,125,6,,472,,
T99-0126,126,6,,107,,
T99-0127,127,6,,303,,
T99-0128,128,6,,156,,
T99-0129,129,6,,141,,
T99-0130,130,6,,357,,
T99-0131,131,6,,216,,
T99-0132,132,6,,116,,
T99-0133,133,6,,653,,
T99-0134,134,6,,142,,
T99-0135,135,6,,123,,
T99-0136,136,6,,670,,
T99-0137,137,6,,23,,略出（不足30字，疑为前经省略）
T99-0138,138,6,,33,,
T99-0139,139,7,,633,,
T99-0140~0141,140,7,,48,,合并区块，多个经号共用一段文字
T99-0142,141,7,,132,,
T99-0143~0144,142,7,,11,,合并区块，多个经号共用一段文字；略出（不足30字，疑为前经省略）
T99-0145,143,7,,128,,
T99-0146,144,7,,93,,
T99-0147,145,7,,91,,
T99-0148,146,7,,93,,
T99-0149,147,7,,110,,
T99-0150,148,7,,116,,
T99-0151,149,7,,116,,
T99-0152,150,7,,125,,
T99-0153,151,7,,117,,
T99-0154,152,7,,187,,
T99-0155,153,7,,192,,
T99-0156,154,7,,220,,
T99-0157,155,7,,110,,
T99-0158,156,7,,110,,
T99-0159,157,7,,114,,
T99-0160,158,7,,99,,
T99-0161,159,7,,277,,
T99-0162,160,7,,250,,
T99-0163,161,7,,376,,
T99-0164,162,7,,139,,
T99-0165,163,7,,116,,
T99-0166,164,7,,220,,
T99-0167,165,7,,188,,
T99-0168,166,7,,183,,
T99-0169,167,7,,220,,
T99-0170,168,7,,151,,
T99-0171,169,7,,198,,
T99-0172,170,7,,93,,
T99-0173,171,7,,161,,
T99-0174,172,7,,318,,
T99-0175,173,7,,287,,
T99-0176,174,7,,317,,
T99-0177,175,7,,350,,
T99-0178,176,7,,378,,
T99-0179,177,7,,305,,
T99-0180,178,7,,292,,
T99-0181,179,7,,303,,
T99-0182,180,7,,319,,
T99-0183,181,7,,317,,
T99-0184,182,7,,320,,
T99-0185,183,7,,318,,
T99-0186,184,7,,1067,,
T99-0187,185,7,,584,,
T99-0188,186,8,,184,,
T99-0189,187,8,,173,,
T99-0190,188,8,,146,,
T99-0191,189,8,,186,,
T99-0192,190,8,,144,,
T99-0193,191,8,,171,,
T99-0194,192,8,,187,,
T99-0195,193,8,,273,,
T99-0196,194,8,,391,,
T99-0197,195,8,,443,,
T99-0198,196,8,,413,,
T99-0199,197,8,,328,,
T99-0200,198,8,,1059,,含造字，已用相近的标准字替代
T99-0201,199,8,,358,,
T99-0202,200,8,,185,,
T99-0203,201,8,,352,,
T99-0204,202,8,,221,,
T99-0205,203,8,,231,,
T99-0206,204,8,,177,,
T99-0207,205,8,,131,,
T99-0208,206,8,,174,,
T99-0209,207,8,,456,,
T99-0210,208,8,,288,,
T99-0211,209,8,,767,,
T99-0212,210,8,,440,,
T99-0213,211,8,,424,,
T99-0214,212,8,,194,,
T99-0215,213,8,,373,,
T99-0216,214,8,,228,,
T99-0217,215,8,,234,,
T99-0218,216,8,,268,,
T99-0219,217,8,,127,,
T99-0220,218,8,,132,,
T99-0221,219,8,,189,,
T99-0222,220,8,,152,,
T99-0223,221,8,,161,,
T99-0224,222,8,,132,,
T99-0225,223,8,,158,,
T99-0226,224,8,,232,,
T99-0227,225,8,,249,,
T99-0228,226,8,,217,,
T99-0229,227,8,,199,,
T99-0230,228,9,,330,,
T99-0231,229,9,,194,,
T99-0232,230,9,,202,,
T99-0233,231,9,,219,,
T99-0234,232,9,,570,,
T99-0235,233,9,,302,,
T99-0236,234,9,,471,,
T99-0237,235,9,,269,,
T99-0238,236,9,,198,,
T99-0239,237,9,,111,,
T99-0240,238,9,,108,,
T99-0241,239,9,,824,,
T99-0242,240,9,,114,,
T99-0243,241,9,,187,,
T99-0244,242,9,,149,,
T99-0245,243,9,,296,,
T99-0246,244,9,,526,,
T99-0247,245,9,,176,,
T99-0248,246,9,,814,,
T99-0249,247,9,,508,,
T99-0250,248,9,,552,,
T99-0251,249,9,,401,,
T99-0252,250,9,,1178,,
T99-0253,251,9,,1583,,
T99-0254,252,9,,1529,,
T99-0255,253,9,,1527,,
T99-0256,254,10,,543,,
T99-0257,255,10,,448,,
T99-0258,256,10,,437,,
T99-0259,257,10,,760,,
T99-0260,258,10,,441,,
T99-0261,259,10,,645,,
T99-0262,260,10,,1461,,
T99-0263,261,10,,780,,
T99-0264,262,10,,1707,,含造字，已用相近的标准字替代
T99-0265,263,10,,1175,,
T99-0266,264,10,,558,,
T99-0267,265,10,,797,,
T99-0268,266,10,,349,,
T99-0269,267,10,,640,,
T99-0270,268,10,,661,,
T99-0271,269,10,,1368,,
T99-0272,270,10,,1130,,
T99-0273,271,11,,866,,
T99-0274,272,11,,410,,
T99-0275,273,11,,833,,
T99-0276,274,11,,3709,,
T99-0277,275,11,,271,,
T99-0278,276,11,,329,,
T99-0279,277,11,,641,,
T99-0280,278,11,,1097,,
T99-0281,279,11,,1552,,
T99-0282,280,11,,1669,,
T99-0283,281,12,,527,,
T99-0284,282,12,,655,,
T99-0285,283,12,,811,,
T99-0286,284,12,,317,,
T99-0287,285,12,,882,,
T99-0288,286,12,,1064,,
T99-0289,287,12,,532,,
T99-0290,288,12,,547,,
T99-0291,289,12,,980,,含造字，已用相近的标准字替代
T99-0292,290,12,,1393,,
T99-0293,291,12,,428,,
T99-0294,292,12,,588,,
T99-0295,293,12,,362,,
T99-0296,294,12,,552,,
T99-0297,295,12,,578,,
T99-0298,296,12,,793,,
T99-0299,297,12,,193,,
T99-0300,298,12,,275,,
T99-0301,299,12,,304,,
T99-0302,300,12,,994,,
T99-0303,301,12,,406,,
T99-0304,302,13,,653,,
T99-0305,303,13,,1001,,
T99-0306,304,13,,673,,
T99-0307,305,13,,352,,
T99-0308,306,13,,556,,
T99-0309,307,13,,471,,
T99-0310,308,13,,349,,
T99-0311,309,13,,1028,,
T99-0312,310,13,,939,,
T99-0313,311,13,,418,,
T99-0314,312,13,,103,,
T99-0315,313,13,,120,,
T99-0316,314,13,,129,,
T99-0317,315,13,,120,,
T99-0318,316,13,,141,,
T99-0319,317,13,,184,,
T99-0320,318,13,,238,,
T99-0321,319,13,,275,,
T99-0322,320,13,,458,,
T99-0323,321,13,,76,,
T99-0324,322,13,,90,,
T99-0325,323,13,,92,,
T99-0326,324,13,,94,,
T99-0327,325,13,,85,,
T99-0328,326,13,,86,,
T99-0329,327,13,,86,,
T99-0330,328,13,,88,,
T99-0331,329,13,,92,,
T99-0332,330,13,,96,,
T99-0333,331,13,,132,,
T99-0334,332,13,,406,,
T99-0335,333,13,,281,,
T99-0336,334,13,,112,,
T99-0337,335,13,,110,,
T99-0338,336,13,,108,,
T99-0339,337,13,,120,,
T99-0340,338,13,,128,,
T99-0341,339,13,,148,,
T99-0342,340,13,,223,,
T99-0343,341,14,,1289,,
T99-0344,342,14,,1874,,
T99-0345,343,14,,683,,
T99-0346,344,14,,1340,,
T99-0347,345,14,,2692,,
T99-0348,346,14,,432,,
T99-0349,347,14,,325,,
T99-0350,348,14,,141,,
T99-0351,349,14,,685,,
T99-0352,350,14,,485,,
T99-0353,351,14,,340,,
T99-0354,352,14,,268,,
T99-0355,353,14,,293,,
T99-0356,354,14,,148,,
T99-0357,355,14,,275,,
T99-0358,356,14,,192,,
T99-0359,357,14,,155,,
T99-0360,358,14,,173,,
T99-0361,359,14,,218,,
T99-0362,360,14,,214,,
T99-0363,361,14,,213,,
T99-0364,362,14,,187,,
T99-0365,363,15,,185,,
T99-0366,364,15,,396,,
T99-0367,365,15,,183,,
T99-0368,366,15,,126,,
T99-0369,367,15,,395,,
T99-0370,368,15,,58,,
T99-0371,369,15,,339,,
T99-0372,370,15,,720,,
T99-0373,371,15,,772,,
T99-0374,372,15,,277,,
T99-0375,373,15,,134,,
T99-0376,374,15,,315,,
T99-0377,375,15,,317,,
T99-0378,376,15,,335,,
T99-0379,377,15,,936,,
T99-0380,378,15,,85,,
T99-0381,379,15,,124,,
T99-0382,380,15,,133,,
T99-0383,381,15,,158,,
T99-0384,382,15,,173,,
T99-0385,383,15,,166,,
T99-0386,384,15,,168,,
T99-0387,385,15,,279,,
T99-0388,386,15,,195,,
T99-0389,387,15,,492,,
T99-0390,388,15,,331,,
T99-0391,389,15,,109,,
T99-0392,390,15,,438,,
T99-0393,391,15,,684,,
T99-0394,392,15,,130,,
T99-0395,393,15,,306,,
T99-0396,394,15,,256,,
T99-0397,395,15,,452,,
T99-0398,396,15,,307,,
T99-0399,397,15,,209,,
T99-0400,398,15,,243,,
T99-0401,399,15,,253,,
T99-0402,400,15,,155,,
T99-0403,401,15,,342,,
T99-0404,402,15,,351,,
T99-0405,403,15,,403,,
T99-0406,404,15,,279,,
T99-0407,405,16,,542,,
T99-0408,406,16,,416,,
T99-0409,407,16,,255,,
T99-0410,408,16,,45,,
T99-0411,409,16,,285,,
T99-0412,410,16,,192,,
T99-0413,411,16,,303,,
T99-0414,412,16,,294,,
T99-0415,413,16,,173,,
T99-0416,414,16,,229,,
T99-0417,415,16,,297,,
T99-0418,416,16,,313,,
T99-0419,417,16,,200,,
T99-0420,418,16,,148,,
T99-0421,419,16,,375,,
T99-0422,420,16,,297,,
T99-0423,421,16,,225,,
T99-0424,422,16,,339,,
T99-0425,423,16,,111,,
T99-0426,424,16,,149,,
T99-0427,425,16,,120,,
T99-0428,426,16,,127,,
T99-0429,427,16,,126,,
T99-0430,428,16,,168,,
T99-0431,429,16,,164,,
T99-0432,430,16,,179,,
T99-0433,431,16,,147,,
T99-0434,432,16,,197,,
T99-0435,433,16,,368,,
T99-0436,434,16,,338,,
T99-0437,435,16,,300,,
T99-0438,436,16,,171,,
T99-0439,437,16,,248,,
T99-0440,438,16,,304,,
T99-0441,439,16,,365,,
T99-0442,440,16,,901,,
T99-0443,441,16,,131,,
T99-0444,442,16,,123,,
T99-0445,443,16,,127,,
T99-0446,444,16,,155,,
T99-0447,445,16,,531,,
T99-0448,446,16,,141,,
T99-0449,447,16,,160,,
T99-0450,448,16,,226,,
T99-0451,449,16,,145,,
T99-0452,450,16,,299,,
T99-0453,451,16,,373,,
T99-0454,452,16,,369,,
T99-0456,453,17,,375,,
T99-0457,454,17,,356,,
T99-0458,455,17,,792,,
T99-0459,456,17,,416,,
T99-0460,457,17,,283,,
T99-0461,458,17,,183,,
T99-0462,459,17,,177,,
T99-0463,460,17,,201,,
T99-0464,461,17,,773,,
T99-0465,462,17,,305,,
T99-0466,463,17,,225,,
T99-0467,464,17,,272,,
T99-0468,465,17,,393,,
T99-0469,466,17,,334,,
T99-0470,467,17,,807,,
T99-0471,468,17,,350,,
T99-0472,469,17,,360,,
T99-0473,470,17,,293,,
T99-0474,471,17,,716,,
T99-0475,472,17,,304,,
T99-0476,473,17,,316,,
T99-0477,474,17,,18,,略出（不足30字，疑为前经省略）
T99-0478,475,17,,263,,
T99-0479,476,17,,219,,
T99-0480,477,17,,288,,
T99-0481,478,17,,785,,
T99-0482,479,17,,556,,
T99-0483,480,17,,507,,
T99-0484,481,17,,558,,
T99-0485,482,17,,1067,,
T99-0486,483,17,,191,,
T99-0487,484,17,,202,,
T99-0488,485,17,,218,,
T99-0489,486,17,,228,,
T99-0455,487,17,,405,,顺序错位：文件中位于 T99-0489 与 T99-0490 之间
T99-0490,488,18,,3923,,
T99-0491,489,18,,18,,略出（不足30字，疑为前经省略）
T99-0492,490,18,,477,,
T99-0493,491,18,,414,,
T99-0494,492,18,,349,,
T99-0495,493,18,,355,,
T99-0496,494,18,,529,,
T99-0497,495,18,,1912,,
T99-0498,496,18,,951,,
T99-0499,497,18,,850,,
T99-0500,498,18,,673,,
T99-0501,499,18,,523,,
T99-0502,500,18,,495,,
T99-0503,501,18,,713,,
T99-0504,502,19,,556,,
T99-0505,503,19,,788,,
T99-0506,504,19,,1439,,
T99-0507,505,19,,252,,
T99-0508,506,19,,620,,
T99-0509,507,19,,642,,
T99-0510,508,19,,616,,
T99-0511,509,19,,147,,
T99-0512,510,19,,145,,
T99-0513,511,19,,195,,
T99-0514,512,19,,161,,
T99-0515,513,19,,166,,
T99-0516,514,19,,161,,
T99-0517,515,19,,164,,
T99-0518,516,19,,167,,
T99-0519,517,19,,167,,
T99-0520,518,19,,164,,
T99-0521,519,19,,148,,
T99-0522,520,19,,151,,
T99-0523,521,19,,490,,
T99-0524,522,19,,180,,
T99-0525,523,19,,203,,
T99-0526,524,19,,214,,
T99-0527,525,19,,191,,
T99-0528,526,19,,194,,
T99-0529,527,19,,190,,含造字，已用相近的标准字替代
T99-0530,528,19,,234,,
T99-0531,529,19,,180,,
T99-0532,530,19,,249,,
T99-0533,531,19,,220,,
T99-0534,532,19,,154,,
T99-0535,533,19,,729,,
T99-0536,534,19,,245,,
T99-0537,535,20,,366,,
T99-0538,536,20,,351,,
T99-0539,537,20,,558,,
T99-0540,538,20,,302,,
T99-0541,539,20,,215,,
T99-0542,540,20,,362,,
T99-0543,541,20,,272,,
T99-0544,542,20,,242,,
T99-0545,543,20,,147,,
T99-0546,544,20,,443,,
T99-0547,545,20,,617,,
T99-0548,546,20,,1358,,
T99-0549,547,20,,762,,
T99-0550,548,20,,1326,,
T99-0551,549,20,,924,,
T99-0552,550,20,,321,,
T99-0553,551,20,,313,,
T99-0554,552,20,,903,,
T99-0555,553,20,,103,,
T99-0556,554,20,,453,,
T99-0557,555,20,,318,,
T99-0558,556,20,,347,,
T99-0559,557,21,,463,,
T99-0560,558,21,,432,,
T99-0561,559,21,,581,,
T99-0562,560,21,,344,,
T99-0563,561,21,,750,,
T99-0564,562,21,,1040,,
T99-0565,563,21,,845,,
T99-0566,564,21,,627,,
T99-0567,565,21,,780,,
T99-0568,566,21,,969,,
T99-0569,567,21,,577,,
T99-0570,568,21,,649,,
T99-0571,569,21,,885,,
T99-0572,570,21,,449,,
T99-0573,571,21,,655,,
T99-0574,572,21,,636,,
T99-0575,573,21,,847,,
T99-0576,574,22,,209,,
T99-0577,575,22,,216,,
T99-0578,576,22,,190,,
T99-0579,577,22,,190,,
T99-0580,578,22,,190,,
T99-0581,579,22,,334,,
T99-0582,580,22,,262,,
T99-0583,581,22,,351,,
T99-0584,582,22,,317,,
T99-0585,583,22,,381,,
T99-0586,584,22,,192,,
T99-0587,585,22,,240,,
T99-0588,586,22,,192,,
T99-0589,587,22,,245,,
T99-0590,588,22,,849,,
T99-0591,589,22,,360,,
T99-0592,590,22,,1681,,含造字，已用相近的标准字替代
T99-0593,591,22,,529,,
T99-0594,592,22,,565,,
T99-0595,593,22,,555,,
T99-0596,594,22,,209,,
T99-0597,595,22,,269,,
T99-0598,596,22,,221,,
T99-0599,597,22,,197,,
T99-0600,598,22,,245,,
T99-0601,599,22,,214,,
T99-0602,600,22,,251,,含造字，已用相近的标准字替代
T99-0603,601,22,,195,,
T99-0604,602,23,,13927,,含造字，已用相近的标准字替代
T99-0605,603,24,,78,,
T99-0606,604,24,,108,,
T99-0607,605,24,,102,,
T99-0608,606,24,,204,,
T99-0609,607,24,,302,,
T99-0610,608,24,,184,,
T99-0611,609,24,,183,,
T99-0612,610,24,,287,,含造字，已用相近的标准字替代
T99-0613,611,24,,249,,
T99-0614,612,24,,345,,
T99-0615,613,24,,502,,
T99-0616,614,24,,554,,
T99-0617,615,24,,597,,
T99-0618,616,24,,95,,
T99-0619,617,24,,280,,
T99-0620,618,24,,378,,
T99-0621,619,24,,358,,
T99-0622,620,24,,744,,
T99-0623,621,24,,617,,
T99-0624,622,24,,503,,
T99-0625,623,24,,172,,
T99-0626,624,24,,25,,略出（不足30字，疑为前经省略）
T99-0627,625,24,,245,,
T99-0628,626,24,,229,,
T99-0629,627,24,,139,,
T99-0630,628,24,,150,,
T99-0631,629,24,,150,,
T99-0632,630,24,,133,,
T99-0633,631,24,,93,,
T99-0634,632,24,,136,,
T99-0635,633,24,,144,,
T99-0636,634,24,,596,,
T99-0637,635,24,,154,,
T99-0638,636,24,,887,,
T99-0639,637,24,,451,,
T99-0640,638,25,,3780,,
T99-0641,639,25,,2914,,
T99-0642,640,26,,165,,
T99-0643,641,26,,77,,
T99-0644,642,26,,144,,
T99-0645,643,26,,111,,
T99-0646,644,26,,133,,
T99-0647,645,26,,383,,
T99-0648,646,26,,124,,
T99-0649,647,26,,121,,
T99-0650,648,26,,251,,
T99-0651,649,26,,232,,
T99-0652,650,26,,160,,
T99-0653,651,26,,264,,
T99-0654,652,26,,128,,
T99-0655,653,26,,157,,
T99-0656,654,26,,198,,
T99-0657,655,26,,217,,
T99-0658,656,26,,188,,
T99-0659,657,26,,208,,
T99-0660,658,26,,151,,
T99-0661,659,26,,240,,
T99-0662,660,26,,110,,
T99-0663,661,26,,119,,
T99-0664,662,26,,112,,
T99-0665,663,26,,109,,
T99-0666,664,26,,147,,
T99-0667,665,26,,260,,
T99-0668,666,26,,180,,
T99-0669,667,26,,267,,
T99-0670,668,26,,133,,
T99-0671,669,26,,198,,
T99-0672,670,26,,206,,
T99-0673,671,26,,76,,
T99-0674,672,26,,95,,
T99-0675,673,26,,115,,
T99-0676,674,26,,93,,
T99-0677,675,26,,93,,
T99-0678,676,26,,114,,
T99-0679,677,26,,299,,
T99-0680,678,26,,100,,
T99-0681,679,26,,234,,
T99-0682,680,26,,173,,
T99-0683,681,26,,179,,
T99-0684,682,26,,1350,,
T99-0685,683,26,,387,,
T99-0686,684,26,,307,,
T99-0687,685,26,,266,,
T99-0688,686,26,,130,,
T99-0689,687,26,,110,,
T99-0690,688,26,,112,,
T99-0691,689,26,,245,,
T99-0692,690,26,,109,,
T99-0693,691,26,,188,,
T99-0694,692,26,,212,,
T99-0695,693,26,,17,,略出（不足30字，疑为前经省略）
T99-0696,694,26,,10,,略出（不足30字，疑为前经省略）
T99-0697,695,26,,90,,
T99-0698,696,26,,269,,
T99-0699,697,26,,120,,
T99-0700,698,26,,139,,
T99-0701,699,26,,124,,
T99-0702,700,26,,112,,
T99-0703,701,26,,362,,
T99-0704,702,26,,271,,
T99-0705,703,26,,144,,
T99-0706,704,26,,232,,
T99-0707,705,26,,371,,
T99-0708,706,26,,415,,
T99-0709,707,26,,152,,
T99-0710,708,26,,245,,
T99-0711,709,26,,845,,
T99-0712,710,27,,99,,
T99-0713,711,27,,1089,,
T99-0714,712,27,,779,,
T99-0715,713,27,,1370,,
T99-0716,714,27,,330,,
T99-0717,715,27,,352,,
T99-0718,716,27,,274,,
T99-0719,717,27,,359,,
T99-0720,718,27,,299,,
T99-0721,719,27,,350,,
T99-0722,720,27,,1447,,
T99-0723,721,27,,182,,
T99-0724,722,27,,176,,
T99-0725,723,27,,179,,
T99-0726,724,27,,387,,
T99-0727,725,27,,636,,
T99-0728,726,27,,72,,
T99-0729,727,27,,133,,
T99-0730,728,27,,85,,
T99-0731,729,27,,143,,
T99-0732,730,27,,90,,
T99-0733,731,27,,320,,
T99-0734,732,27,,93,,
T99-0735,733,27,,102,,
T99-0736,734,27,,186,,
T99-0737,735,27,,361,,
T99-0738,736,27,,89,,
T99-0739,737,27,,105,,
T99-0740,738,27,,153,,
T99-0741,739,27,,147,,
T99-0742,740,27,,131,,
T99-0743,741,27,,581,,
T99-0744,742,27,,138,,
T99-0745,743,27,,177,,
T99-0746,744,27,,150,,
T99-0747,745,27,,235,,
T99-0748,746,28,,175,,
T99-0749,747,28,,241,,
T99-0750,748,28,,364,,
T99-0751,749,28,,218,,
T99-0752,750,28,,283,,
T99-0753,751,28,,173,,
T99-0754,752,28,,182,,
T99-0755~0757,753,28,,19,,合并区块，多个经号共用一段文字；略出（不足30字，疑为前经省略）
T99-0758,754,28,,815,,
T99-0759,755,28,,193,,
T99-0760,756,28,,320,,
T99-0761,757,28,,175,,
T99-0762,758,28,,88,,
T99-0763,759,28,,91,,
T99-0764,760,28,,141,,
T99-0765,761,28,,72,,
T99-0766,762,28,,141,,
T99-0767,763,28,,171,,
T99-0768,764,28,,155,,
T99-0769,765,28,,505,,
T99-0770,766,28,,288,,
T99-0771,767,28,,247,,
T99-0772~0774,768,28,,28,,合并区块，多个经号共用一段文字；略出（不足30字，疑为前经省略）
T99-0775,769,28,,235,,
T99-0776,770,28,,247,,
T99-0777,771,28,,379,,
T99-0778,772,28,,280,,
T99-0779,773,28,,165,,
T99-0780,774,28,,416,,
T99-0781,775,28,,317,,
T99-0782,776,28,,187,,
T99-0783,777,28,,372,,
T99-0784,778,28,,350,,
T99-0785,779,28,,1820,,
T99-0786,780,28,,112,,
T99-0787,781,28,,307,,
T99-0788,782,28,,629,,
T99-0789,783,28,,358,,
T99-0790,784,28,,132,,
T99-0791,785,28,,179,,
T99-0792,786,28,,95,,
T99-0793,787,28,,135,,
T99-0794,788,28,,108,,
T99-0795,789,28,,114,,
T99-0796,790,28,,119,,
T99-0797,791,29,,191,,
T99-0798,792,29,,134,,
T99-0799,793,29,,93,,
T99-0800,794,29,,41,,
T99-0801,795,29,,264,,
T99-0802,796,29,,102,,
T99-0803,797,29,,565,,
T99-0804,798,29,,186,,
T99-0805,799,29,,341,,
T99-0806,800,29,,436,,
T99-0807,801,29,,532,,
T99-0808,802,29,,282,,
T99-0809,803,29,,883,,
T99-0810,804,29,,1141,,
T99-0811~0812,805,29,,18,,合并区块，多个经号共用一段文字；略出（不足30字，疑为前经省略）
T99-0813,806,29,,784,,
T99-0814,807,29,,396,,
T99-0815,808,29,,927,,
T99-0816,809,29,,233,,
T99-0817,810,29,,200,,
T99-0818,811,29,,136,,
T99-0819,812,29,,112,,
T99-0820,813,29,,446,,
T99-0821,814,29,,543,,
T99-0822,815,29,,441,,
T99-0823,816,29,,474,,
T99-0824,817,29,,170,,
T99-0825,818,29,,171,,
T99-0826,819,29,,532,,
T99-0827,820,29,,450,,
T99-0828,821,29,,303,,
T99-0829,822,29,,308,,
T99-0830,823,30,,955,,
T99-0831,824,30,,190,,
T99-0832,825,30,,296,,
T99-0833,826,30,,382,,
T99-0834,827,30,,145,,
T99-0835,828,30,,269,,
T99-0836,829,30,,242,,
T99-0837,830,30,,631,,
T99-0838,831,30,,162,,
T99-0839,832,30,,83,,
T99-0840,833,30,,86,,
T99-0841,834,30,,273,,
T99-0842,835,30,,258,,
T99-0843,836,30,,296,,
T99-0844,837,30,,427,,
T99-0845,838,30,,425,,
T99-0846,839,30,,213,,
T99-0847,840,30,,124,,
T99-0848,841,30,,805,,
T99-0849,842,30,,282,,
T99-0850,843,30,,297,,
T99-0851,844,30,,106,,
T99-0852,845,30,,328,,
T99-0853,846,30,,60,,
T99-0854,847,30,,642,,
T99-0855,848,30,,402,,
T99-0856,849,30,,170,,
T99-0857,850,30,,447,,
T99-0858,851,30,,344,,
T99-0859,852,30,,118,,
T99-0860,853,30,,865,,
T99-0861,854,31,,134,,
T99-0862,855,31,,132,,
T99-0863,856,31,,166,,
T99-0864,857,31,,201,,
T99-0865,858,31,,119,,
T99-0866,859,31,,170,,
T99-0867,860,31,,209,,
T99-0868,861,31,,233,,
T99-0869,862,31,,186,,
T99-0870,863,31,,184,,
T99-0871,864,31,,131,,
T99-0872,865,31,,305,,
T99-0873,866,31,,229,,
T99-0874,867,31,,341,,
T99-0875,868,31,,83,,
T99-0876,869,31,,118,,
T99-0877,870,31,,213,,
T99-0878,871,31,,249,,
T99-0879,872,31,,402,,
T99-0880,873,31,,116,,
T99-0881,874,31,,126,,
T99-0882,875,31,,1550,,
T99-0883,876,31,,931,,
T99-0884,877,31,,146,,
T99-0885,878,31,,540,,
T99-0886,879,31,,454,,
T99-0887,880,31,,120,,
T99-0888,881,31,,122,,
T99-0889,882,31,,122,,
T99-0890,883,31,,224,,
T99-0891,884,31,,295,,含造字，已用相近的标准字替代
T99-0892,885,31,,333,,
T99-0893,886,31,,240,,
T99-0894,887,31,,345,,
T99-0895,888,31,,263,,
T99-0896,889,31,,107,,
T99-0897,890,31,,219,,
T99-0898,891,31,,135,,
T99-0899,892,31,,136,,
T99-0900,893,31,,121,,
T99-0901,894,31,,106,,
T99-0902,895,31,,83,,
T99-0903,896,31,,109,,
T99-0904,897,31,,99,,
T99-0905,898,32,,815,,
T99-0906,899,32,,680,,
T99-0907,900,32,,733,,
T99-0908,901,32,,627,,
T99-0909,902,32,,531,,
T99-0910,903,32,,446,,
T99-0911,904,32,,778,,
T99-0912,905,32,,1479,,
T99-0913,906,32,,1159,,
T99-0914,907,32,,807,,
T99-0915,908,32,,1486,,
T99-0916,909,32,,1571,,
T99-0917,910,32,,658,,
T99-0918,911,32,,693,,
T99-0919,912,33,,667,,
T99-0920,913,33,,342,,
T99-0921,914,33,,148,,
T99-0922,915,33,,662,,
T99-0923,916,33,,856,,
T99-0924,917,33,,873,,
T99-0925,918,33,,661,,
T99-0926,919,33,,776,,
T99-0927,920,33,,567,,
T99-0928,921,33,,377,,
T99-0929,922,33,,972,,
T99-0930,923,33,,337,,
T99-0931,924,33,,1173,,
T99-0932,925,33,,527,,
T99-0933,926,33,,382,,
T99-0934,927,33,,777,,
T99-0935,928,33,,717,,
T99-0936,929,33,,957,,
T99-0937,930,33,,857,,
T99-0938,931,33,,460,,
T99-0939,932,33,,388,,
T99-0940,933,34,,178,,
T99-0941,934,34,,173,,
T99-0942,935,34,,157,,
T99-0943,936,34,,129,,
T99-0944,937,34,,152,,
T99-0945,938,34,,181,,
T99-0946,939,34,,394,,
T99-0947,940,34,,273,,
T99-0948,941,34,,290,,
T99-0949,942,34,,237,,
T99-0950,943,34,,306,,
T99-0951,944,34,,119,,
T99-0952,945,34,,140,,
T99-0953,946,34,,142,,
T99-0954,947,34,,230,,
T99-0955,948,34,,162,,
T99-0956,949,34,,1008,,
T99-0957,950,34,,628,,
T99-0958,951,34,,618,,
T99-0959,952,34,,689,,
T99-0960,953,34,,342,,
T99-0961,954,34,,333,,
T99-0962,955,34,,1042,,
T99-0963,956,34,,458,,
T99-0964,957,34,,2391,,
T99-0965,958,34,,588,,
T99-0966,959,34,,477,,
T99-0967,960,34,,504,,
T99-0968,961,34,,1064,,
T99-0969,962,34,,1458,,
T99-0970,963,35,,926,,
T99-0971,964,35,,686,,
T99-0972,965,35,,556,,
T99-0973,966,35,,627,,
T99-0974,967,35,,555,,
T99-0975,968,35,,672,,
T99-0976,969,35,,280,,
T99-0977,970,35,,834,,
T99-0978,971,35,,899,,
T99-0979,972,35,,1223,,含造字，已用相近的标准字替代
T99-0980,973,35,,880,,
T99-0981,974,35,,387,,
T99-0982,975,35,,546,,
T99-0983,976,35,,549,,
T99-0984,977,35,,401,,
T99-0985,978,35,,944,,
T99-0986,979,35,,201,,
T99-0987,980,35,,310,,
T99-0988,981,35,,309,,
T99-0989,982,35,,216,,
T99-0990,983,35,,1127,,
T99-0991,984,35,,797,,
T99-0992,985,35,,149,,
T99-0993,986,36,,791,,
T99-0994,987,36,,1572,,
T99-0995,988,36,,246,,
T99-0996,989,36,,233,,
T99-0997,990,36,,233,,
T99-0998,991,36,,245,,
T99-0999,992,36,,999,,
T99-1000,993,36,,247,,
T99-1001,994,36,,245,,
T99-1002,995,36,,209,,
T99-1003,996,36,,195,,
T99-1004,997,36,,195,,
T99-1005,998,36,,196,,
T99-1006,999,36,,186,,
T99-1007,1000,36,,186,,
T99-1008,1001,36,,472,,
T99-1009,1002,36,,195,,
T99-1010,1003,36,,195,,
T99-1011,1004,36,,197,,
T99-1012,1005,36,,285,,
T99-1013,1006,36,,245,,
T99-1014,1007,36,,221,,
T99-1015,1008,36,,190,,
T99-1016,1009,36,,186,,
T99-1017,1010,36,,190,,
T99-1018,1011,36,,190,,
T99-1019,1012,36,,201,,
T99-1020,1013,36,,190,,
T99-1021,1014,36,,190,,
T99-1022,1015,36,,195,,
T99-1023,1016,37,,1058,,
T99-1024,1017,37,,628,,
T99-1025,1018,37,,861,,
T99-1026,1019,37,,378,,
T99-1027,1020,37,,319,,
T99-1028,1021,37,,829,,
T99-1029,1022,37,,257,,
T99-1030,1023,37,,357,,
T99-1031,1024,37,,344,,
T99-1032,1025,37,,537,,
T99-1033,1026,37,,214,,
T99-1034,1027,37,,520,,
T99-1035,1028,37,,79,,
T99-1036,1029,37,,408,,
T99-1037,1030,37,,54,,
T99-1038,1031,37,,877,,
T99-1039,1032,37,,1357,,
T99-1040,1033,37,,526,,
T99-1041,1034,37,,774,,
T99-1042,1035,37,,772,,
T99-1043,1036,37,,189,,
T99-1044,1037,37,,544,,
T99-1045,1038,37,,249,,
T99-1046,1039,37,,257,,
T99-1047,1040,37,,392,,
T99-1048,1041,37,,516,,
T99-1049,1042,37,,133,,
T99-1050,1043,37,,91,,
T99-1051,1044,37,,221,,
T99-1052,1045,37,,135,,
T99-1053,1046,37,,207,,
T99-1054,1047,37,,121,,
T99-1055,1048,37,,234,,
T99-1056,1049,37,,131,,
T99-1057,1050,37,,217,,
T99-1058,1051,37,,244,,
T99-1059,1052,37,,273,,
T99-1060,1053,37,,110,,
T99-1061,1054,37,,183,,
T99-1062,1055,38,,230,,
T99-1063,1056,38,,465,,
T99-1064,1057,38,,467,,
T99-1065,1058,38,,355,,
T99-1066,1059,38,,15,,略出（不足30字，疑为前经省略）
T99-1067,1060,38,,453,,
T99-1068,1061,38,,389,,
T99-1069,1062,38,,340,,
T99-1070,1063,38,,396,,
T99-1071,1064,38,,519,,
T99-1072,1065,38,,446,,
T99-1073,1066,38,,568,,
T99-1074,1067,38,,963,,
T99-1075,1068,38,,1331,,
T99-1076,1069,38,,381,,
T99-1077,1070,38,,978,,
T99-1078,1071,38,,888,,
T99-1079,1072,38,,1020,,
T99-1080,1073,38,,468,,
T99-1081,1074,39,,632,,
T99-1082,1075,39,,623,,
T99-1083,1076,39,,835,,
T99-1084,1077,39,,289,,
T99-1085,1078,39,,296,,
T99-1086,1079,39,,255,,
T99-1087,1080,39,,237,,
T99-1088,1081,39,,232,,
T99-1089,1082,39,,306,,
T99-1090,1083,39,,374,,
T99-1091,1084,39,,826,,
T99-1092,1085,39,,1399,,
T99-1093,1086,39,,228,,
T99-1094,1087,39,,288,,
T99-1095,1088,39,,293,,
T99-1096,1089,39,,312,,
T99-1097,1090,39,,336,,
T99-1098,1091,39,,486,,
T99-1099,1092,39,,639,,
T99-1100,1093,39,,643,,
T99-1101,1094,39,,287,,
T99-1102,1095,39,,245,,
T99-1103,1096,39,,288,,
T99-1104,1097,40,,218,,
T99-1105,1098,40,,254,,
T99-1106,1099,40,,718,,
T99-1107,1100,40,,445,,
T99-1108,1101,40,,578,,
T99-1109,1102,40,,672,,
T99-1110,1103,40,,700,,
T99-1111,1104,40,,512,,
T99-1112,1105,40,,384,,
T99-1113,1106,40,,518,,
T99-1114,1107,40,,978,,
T99-1115,1108,40,,1080,,
T99-1116,1109,40,,198,,
T99-1117,1110,40,,790,,
T99-1118,1111,40,,567,,
T99-1119,1112,40,,423,,
T99-1120,1113,40,,858,,
T99-1121,1114,41,,772,,
T99-1122,1115,41,,831,,
T99-1123,1116,41,,187,,
T99-1124,1117,41,,167,,
T99-1125,1118,41,,80,,
T99-1126,1119,41,,90,,
T99-1127,1120,41,,163,,
T99-1128,1121,41,,83,,
T99-1129,1122,41,,191,,
T99-1130,1123,41,,148,,
T99-1131,1124,41,,160,,
T99-1132,1125,41,,116,,
T99-1133,1126,41,,138,,
T99-1134,1127,41,,126,,
T99-1135,1128,41,,364,,
T99-1136,1129,41,,870,,
T99-1137,1130,41,,296,,
T99-1138,1131,41,,875,,
T99-1139,1132,41,,510,,
T99-1140,1133,41,,924,,
T99-1141,1134,41,,475,,
T99-1142,1135,41,,610,,
T99-1143,1136,41,,804,,
T99-1144,1137,41,,1909,,
T99-1145,1138,42,,935,,
T99-1146,1139,42,,1052,,
T99-1147,1140,42,,778,,
T99-1148,1141,42,,516,,
T99-1149,1142,42,,709,,
T99-1150,1143,42,,442,,
T99-1151,1144,42,,193,,
T99-1152,1145,42,,546,,
T99-1153,1146,42,,216,,
T99-1154,1147,42,,200,,
T99-1155,1148,42,,259,,
T99-1156,1149,42,,164,,
T99-1157,1150,42,,721,,
T99-1158,1151,42,,1077,,
T99-1159,1152,42,,433,,
T99-1160,1153,42,,404,,
T99-1161,1154,42,,178,,
T99-1162,1155,42,,499,,
T99-1163,1156,42,,122,,
T99-1164,1157,43,,774,,
T99-1165,1158,43,,1061,,
T99-1166,1159,43,,216,,
T99-1167,1160,43,,324,,含造字，已用相近的标准字替代
T99-1168,1161,43,,903,,含造字，已用相近的标准字替代
T99-1169,1162,43,,744,,
T99-1170,1163,43,,346,,
T99-1171,1164,43,,559,,
T99-1172,1165,43,,921,,
T99-1173,1166,43,,1255,,
T99-1174,1167,43,,1128,,
T99-1175,1168,43,,1256,,
T99-1176,1169,43,,1423,,
T99-1177,1170,43,,1022,,
T99-1178,1171,44,,1330,,
T99-1179,1172,44,,892,,
T99-1180,1173,44,,413,,
T99-1181,1174,44,,397,,
T99-1182,1175,44,,236,,
T99-1183,1176,44,,738,,
T99-1184,1177,44,,927,,
T99-1185,1178,44,,369,,
T99-1186,1179,44,,165,,
T99-1187,1180,44,,188,,
T99-1188,1181,44,,718,,
T99-1189,1182,44,,540,,
T99-1190,1183,44,,175,,
T99-1191,1184,44,,371,,
T99-1192,1185,44,,377,,
T99-1193,1186,44,,634,,
T99-1194,1187,44,,652,,
T99-1195,1188,44,,566,,
T99-1196,1189,44,,808,,
T99-1197,1190,44,,537,,
T99-1198,1191,45,,497,,
T99-1199,1192,45,,454,,
T99-1200,1193,45,,448,,
T99-1201,1194,45,,526,,
T99-1202,1195,45,,452,,
T99-1203,1196,45,,434,,
T99-1204,1197,45,,449,,
T99-1205,1198,45,,463,,
T99-1206,1199,45,,492,,
T99-1207,1200,45,,542,,
T99-1208,1201,45,,218,,
T99-1209,1202,45,,304,,
T99-1210,1203,45,,252,,
T99-1211,1204,45,,277,,
T99-1212,1205,45,,1339,,
T99-1213,1206,45,,401,,
T99-1214,1207,45,,297,,
T99-1215,1208,45,,305,,
T99-1216,1209,45,,217,,
T99-1217,1210,45,,275,,
T99-1218,1211,45,,339,,
T99-1219,1212,45,,500,,
T99-1220,1213,45,,360,,
T99-1221,1214,45,,595,,
T99-1222,1215,46,,332,,
T99-1223,1216,46,,377,,
T99-1224,1217,46,,888,,
T99-1225,1218,46,,112,,
T99-1226,1219,46,,800,,
T99-1227,1220,46,,678,,
T99-1228,1221,46,,600,,
T99-1229,1222,46,,463,,
T99-1230,1223,46,,449,,
T99-1231,1224,46,,487,,
T99-1232,1225,46,,669,,
T99-1233,1226,46,,922,,
T99-1234,1227,46,,317,,
T99-1235,1228,46,,286,,
T99-1236,1229,46,,395,,
T99-1237,1230,46,,314,,
T99-1238,1231,46,,636,,
T99-1239,1232,46,,624,,
T99-1240,1233,46,,387,,
T99-1241,1234,47,,814,,
T99-1242,1235,47,,372,,
T99-1243,1236,47,,222,,
T99-1244,1237,47,,646,,
T99-1245,1238,47,,150,,
T99-1246,1239,47,,691,,
T99-1247,1240,47,,343,,
T99-1248,1241,47,,847,,
T99-1249,1242,47,,1043,,
T99-1250,1243,47,,1151,,
T99-1251,1244,47,,521,,
T99-1252,1245,47,,359,,
T99-1253,1246,47,,172,,
T99-1254,1247,47,,202,,
T99-1255,1248,47,,243,,
T99-1256,1249,47,,196,,
T99-1257,1250,47,,360,,
T99-1258,1251,47,,454,,
T99-1259,1252,47,,230,,
T99-1260,1253,47,,325,,
T99-1261,1254,47,,252,,
T99-1262,1255,47,,193,,
T99-1263,1256,47,,148,,
T99-1264,1257,47,,194,,
T99-1265,1258,47,,1903,,
T99-1266,1259,47,,1534,,
T99-1267,1260,48,,292,,
T99-1268,1261,48,,282,,
T99-1269,1262,48,,216,,
T99-1270,1263,48,,399,,
T99-1271,1264,48,,493,,
T99-1272,1265,48,,434,,
T99-1273,1266,48,,456,,
T99-1274,1267,48,,614,,
T99-1275,1268,48,,219,,
T99-1276,1269,48,,224,,
T99-1277,1270,48,,367,,
T99-1278,1271,48,,1071,,
T99-1279,1272,48,,639,,
T99-1280,1273,48,,199,,
T99-1281,1274,48,,207,,
T99-1282,1275,48,,195,,
T99-1283,1276,48,,418,,
T99-1284,1277,48,,786,,
T99-1285,1278,48,,231,,
T99-1286,1279,48,,315,,
T99-1287,1280,48,,190,,
T99-1288,1281,48,,363,,
T99-1289,1282,48,,593,,
T99-1290,1283,48,,195,,
T99-1291,1284,48,,262,,
T99-1292,1285,48,,219,,
T99-1293,1286,48,,221,,
T99-1294,1287,49,,207,,
T99-1295,1288,49,,195,,
T99-1296,1289,49,,288,,
T99-1297,1290,49,,219,,
T99-1298,1291,49,,195,,
T99-1299,1292,49,,435,,
T99-1300,1293,49,,278,,
T99-1301,1294,49,,165,,
T99-1302,1295,49,,166,,
T99-1303,1296,49,,169,,
T99-1304,1297,49,,169,,
T99-1305,1298,49,,170,,
T99-1306,1299,49,,546,,
T99-1307,1300,49,,773,,
T99-1308,1301,49,,932,,
T99-1309,1302,49,,190,,
T99-1310,1303,49,,208,,
T99-1311,1304,49,,216,,
T99-1312,1305,49,,163,,
T99-1313,1306,49,,328,,
T99-1314,1307,49,,201,,
T99-1315,1308,49,,193,,
T99-1316,1309,49,,188,,
T99-1317,1310,49,,224,,
T99-1318,1311,49,,227,,
T99-1319,1312,49,,384,,
T99-1320,1313,49,,610,,
T99-1321,1314,49,,223,,
T99-1322,1315,49,,391,,
T99-1323,1316,49,,588,,
T99-1324,1317,49,,524,,
T99-1325,1318,50,,556,,
T99-1326,1319,50,,903,,
T99-1327,1320,50,,296,,
T99-1328,1321,50,,278,,
T99-1329,1322,50,,1865,,含造字，已用相近的标准字替代
T99-1330,1323,50,,468,,
T99-1331,1324,50,,258,,
T99-1332,1325,50,,325,,
T99-1333,1326,50,,361,,
T99-1334,1327,50,,199,,
T99-1335,1328,50,,174,,
T99-1336,1329,50,,252,,
T99-1337,1330,50,,213,,
T99-1338,1331,50,,515,,
T99-1339,1332,50,,206,,
T99-1340,1333,50,,200,,
T99-1341,1334,50,,185,,
T99-1342,1335,50,,179,,
T99-1343,1336,50,,282,,
T99-1344,1337,50,,405,,
T99-1345,1338,50,,175,,
T99-1346,1339,50,,571,,
T99-1347,1340,50,,200,,
T99-1348,1341,50,,177,,
T99-1349,1342,50,,119,,
T99-1350,1343,50,,86,,
T99-1351,1344,50,,155,,
T99-1352,1345,50,,206,,
T99-1353,1346,50,,153,,
T99-1354,1347,50,,170,,
T99-1355,1348,50,,169,,
T99-1356,1349,50,,196,,
T99-1357,1350,50,,291,,
T99-1358,1351,50,,173,,
T99-1359,1352,50,,237,,
T99-1360,1353,50,,220,,
T99-1361,1354,50,,188,,
T99-1362,1355,50,,167,,
