经号,标签（unsorted）,标签,备注
T99-0001,,,
T99-0002,,,
T99-0003,,,
T99-0004,,,
T99-0005,,,
T99-0006,,,
T99-0007,,,
T99-0008,,,
T99-0009,,,
T99-0010,,,
T99-0011,,,
T99-0012,,,
T99-0013,,,
T99-0014,,,
T99-0015,,,
T99-0016,,,
T99-0017,,,
T99-0018,,,
T99-0019,,,
T99-0020,,,
T99-0021,,,
T99-0022,,,
T99-0023,,,
T99-0024,,,
T99-0025,,,
T99-0026,,,
T99-0027,,,
T99-0028,,,
T99-0029,,,
T99-0030,,,
T99-0031,,,
T99-0032,,,
T99-0033,,,
T99-0034,,,
T99-0035,,,
T99-0036,,,
T99-0037,,,
T99-0038,,,
T99-0039,,,
T99-0040,,,
T99-0041,,,
T99-0042,,,
T99-0043,,,
T99-0044,,,
T99-0045,,,
T99-0046,,,
T99-0047,,,
T99-0048,,,
T99-0049,,,
T99-0050,,,
T99-0051,,,
T99-0052,,,
T99-0053,,,
T99-0054,,,
T99-0055,,,
T99-0056,,,
T99-0057,,,
T99-0058,,,
T99-0059,,,
T99-0060,,,
T99-0061,,,
T99-0062,,,
T99-0063,,,
T99-0064,,,
T99-0065,,,
T99-0066,,,
T99-0067,,,
T99-0068,,,
T99-0069,,,
T99-0070,,,
T99-0071,,,
T99-0072,,,
T99-0073,,,
T99-0074,,,
T99-0075,,,
T99-0076,,,
T99-0077,,,
T99-0078,,,
T99-0079,,,
T99-0080,,,
T99-0081,,,
T99-0082,,,
T99-0083,,,
T99-0084,,,
T99-0085,,,
T99-0086,,,
T99-0087,,,
T99-0088,,,
T99-0089,,,
T99-0090,,,
T99-0091,,,
T99-0092,,,
T99-0093,,,
T99-0094,,,
T99-0095,,,
T99-0096,,,
T99-0097,,,
T99-0098,,,
T99-0099,,,
T99-0100,,,
T99-0101,,,
T99-0102,,,
T99-0103,,,
T99-0104,,,
T99-0105,,,
T99-0106,,,
T99-0107,,,
T99-0108,,,
T99-0109,,,
T99-0110,,,
T99-0111,,,
T99-0112,,,
T99-0113,,,
T99-0114,,,
T99-0115,,,
T99-0116,,,
T99-0117,,,
T99-0118,,,
T99-0119,,,
T99-0120,,,
T99-0121,,,
T99-0122,,,
T99-0123,,,
T99-0124,,,
T99-0125,,,
T99-0126,,,
T99-0127,,,
T99-0128,,,
T99-0129,,,
T99-0130,,,
T99-0131,,,
T99-0132,,,
T99-0133,,,
T99-0134,,,
T99-0135,,,
T99-0136,,,
T99-0137,,,
T99-0138,,,
T99-0139,,,
T99-0140~0141,,,
T99-0142,,,
T99-0143~0144,,,
T99-0145,,,
T99-0146,,,
T99-0147,,,
T99-0148,,,
T99-0149,,,
T99-0150,,,
T99-0151,,,
T99-0152,,,
T99-0153,,,
T99-0154,,,
T99-0155,,,
T99-0156,,,
T99-0157,,,
T99-0158,,,
T99-0159,,,
T99-0160,,,
T99-0161,,,
T99-0162,,,
T99-0163,,,
T99-0164,,,
T99-0165,,,
T99-0166,,,
T99-0167,,,
T99-0168,,,
T99-0169,,,
T99-0170,,,
T99-0171,,,
T99-0172,,,
T99-0173,,,
T99-0174,,,
T99-0175,,,
T99-0176,,,
T99-0177,,,
T99-0178,,,
T99-0179,,,
T99-0180,,,
T99-0181,,,
T99-0182,,,
T99-0183,,,
T99-0184,,,
T99-0185,,,
T99-0186,,,
T99-0187,,,
T99-0188,,,
T99-0189,,,
T99-0190,,,
T99-0191,,,
T99-0192,,,
T99-0193,,,
T99-0194,,,
T99-0195,,,
T99-0196,,,
T99-0197,,,
T99-0198,,,
T99-0199,,,
T99-0200,,,
T99-0201,,,
T99-0202,,,
T99-0203,,,
T99-0204,,,
T99-0205,,,
T99-0206,,,
T99-0207,,,
T99-0208,,,
T99-0209,,,
T99-0210,,,
T99-0211,,,
T99-0212,,,
T99-0213,,,
T99-0214,,,
T99-0215,,,
T99-0216,,,
T99-0217,,,
T99-0218,,,
T99-0219,,,
T99-0220,,,
T99-0221,,,
T99-0222,,,
T99-0223,,,
T99-0224,,,
T99-0225,,,
T99-0226,,,
T99-0227,,,
T99-0228,,,
T99-0229,,,
T99-0230,,,
T99-0231,,,
T99-0232,,,
T99-0233,,,
T99-0234,,,
T99-0235,,,
T99-0236,,,
T99-0237,,,
T99-0238,,,
T99-0239,,,
T99-0240,,,
T99-0241,,,
T99-0242,,,
T99-0243,,,
T99-0244,,,
T99-0245,,,
T99-0246,,,
T99-0247,,,
T99-0248,,,
T99-0249,,,
T99-0250,,,
T99-0251,,,
T99-0252,,,
T99-0253,,,
T99-0254,,,
T99-0255,,,
T99-0256,,,
T99-0257,,,
T99-0258,,,
T99-0259,,,
T99-0260,,,
T99-0261,,,
T99-0262,,,
T99-0263,,,
T99-0264,,,
T99-0265,,,
T99-0266,,,
T99-0267,,,
T99-0268,,,
T99-0269,,,
T99-0270,,,
T99-0271,,,
T99-0272,,,
T99-0273,,,
T99-0274,,,
T99-0275,,,
T99-0276,,,
T99-0277,,,
T99-0278,,,
T99-0279,,,
T99-0280,,,
T99-0281,,,
T99-0282,,,
T99-0283,,,
T99-0284,,,
T99-0285,,,
T99-0286,,,
T99-0287,,,
T99-0288,,,
T99-0289,,,
T99-0290,,,
T99-0291,,,
T99-0292,,,
T99-0293,,,
T99-0294,,,
T99-0295,,,
T99-0296,,,
T99-0297,,,
T99-0298,,,
T99-0299,,,
T99-0300,,,
T99-0301,,,
T99-0302,,,
T99-0303,,,
T99-0304,,,
T99-0305,,,
T99-0306,,,
T99-0307,,,
T99-0308,,,
T99-0309,,,
T99-0310,,,
T99-0311,,,
T99-0312,,,
T99-0313,,,
T99-0314,,,
T99-0315,,,
T99-0316,,,
T99-0317,,,
T99-0318,,,
T99-0319,,,
T99-0320,,,
T99-0321,,,
T99-0322,,,
T99-0323,,,
T99-0324,,,
T99-0325,,,
T99-0326,,,
T99-0327,,,
T99-0328,,,
T99-0329,,,
T99-0330,,,
T99-0331,,,
T99-0332,,,
T99-0333,,,
T99-0334,,,
T99-0335,,,
T99-0336,,,
T99-0337,,,
T99-0338,,,
T99-0339,,,
T99-0340,,,
T99-0341,,,
T99-0342,,,
T99-0343,,,
T99-0344,,,
T99-0345,,,
T99-0346,,,
T99-0347,,,
T99-0348,,,
T99-0349,,,
T99-0350,,,
T99-0351,,,
T99-0352,,,
T99-0353,,,
T99-0354,,,
T99-0355,,,
T99-0356,,,
T99-0357,,,
T99-0358,,,
T99-0359,,,
T99-0360,,,
T99-0361,,,
T99-0362,,,
T99-0363,,,
T99-0364,,,
T99-0365,,,
T99-0366,,,
T99-0367,,,
T99-0368,,,
T99-0369,,,
T99-0370,,,
T99-0371,,,
T99-0372,,,
T99-0373,,,
T99-0374,,,
T99-0375,,,
T99-0376,,,
T99-0377,,,
T99-0378,,,
T99-0379,,,
T99-0380,,,
T99-0381,,,
T99-0382,,,
T99-0383,,,
T99-0384,,,
T99-0385,,,
T99-0386,,,
T99-0387,,,
T99-0388,,,
T99-0389,,,
T99-0390,,,
T99-0391,,,
T99-0392,,,
T99-0393,,,
T99-0394,,,
T99-0395,,,
T99-0396,,,
T99-0397,,,
T99-0398,,,
T99-0399,,,
T99-0400,,,
T99-0401,,,
T99-0402,,,
T99-0403,,,
T99-0404,,,
T99-0405,,,
T99-0406,,,
T99-0407,,,
T99-0408,,,
T99-0409,,,
T99-0410,,,
T99-0411,,,
T99-0412,,,
T99-0413,,,
T99-0414,,,
T99-0415,,,
T99-0416,,,
T99-0417,,,
T99-0418,,,
T99-0419,,,
T99-0420,,,
T99-0421,,,
T99-0422,,,
T99-0423,,,
T99-0424,,,
T99-0425,,,
T99-0426,,,
T99-0427,,,
T99-0428,,,
T99-0429,,,
T99-0430,,,
T99-0431,,,
T99-0432,,,
T99-0433,,,
T99-0434,,,
T99-0435,,,
T99-0436,,,
T99-0437,,,
T99-0438,,,
T99-0439,,,
T99-0440,,,
T99-0441,,,
T99-0442,,,
T99-0443,,,
T99-0444,,,
T99-0445,,,
T99-0446,,,
T99-0447,,,
T99-0448,,,
T99-0449,,,
T99-0450,,,
T99-0451,,,
T99-0452,,,
T99-0453,,,
T99-0454,,,
T99-0456,,,
T99-0457,,,
T99-0458,,,
T99-0459,,,
T99-0460,,,
T99-0461,,,
T99-0462,,,
T99-0463,,,
T99-0464,,,
T99-0465,,,
T99-0466,,,
T99-0467,,,
T99-0468,,,
T99-0469,,,
T99-0470,,,
T99-0471,,,
T99-0472,,,
T99-0473,,,
T99-0474,,,
T99-0475,,,
T99-0476,,,
T99-0477,,,
T99-0478,,,
T99-0479,,,
T99-0480,,,
T99-0481,,,
T99-0482,,,
T99-0483,,,
T99-0484,,,
T99-0485,,,
T99-0486,,,
T99-0487,,,
T99-0488,,,
T99-0489,,,
T99-0455,,,
T99-0490,,,
T99-0491,,,
T99-0492,,,
T99-0493,,,
T99-0494,,,
T99-0495,,,
T99-0496,,,
T99-0497,,,
T99-0498,,,
T99-0499,,,
T99-0500,,,
T99-0501,,,
T99-0502,,,
T99-0503,,,
T99-0504,,,
T99-0505,,,
T99-0506,,,
T99-0507,,,
T99-0508,,,
T99-0509,,,
T99-0510,,,
T99-0511,,,
T99-0512,,,
T99-0513,,,
T99-0514,,,
T99-0515,,,
T99-0516,,,
T99-0517,,,
T99-0518,,,
T99-0519,,,
T99-0520,,,
T99-0521,,,
T99-0522,,,
T99-0523,,,
T99-0524,,,
T99-0525,,,
T99-0526,,,
T99-0527,,,
T99-0528,,,
T99-0529,,,
T99-0530,,,
T99-0531,,,
T99-0532,,,
T99-0533,,,
T99-0534,,,
T99-0535,,,
T99-0536,,,
T99-0537,,,
T99-0538,,,
T99-0539,,,
T99-0540,,,
T99-0541,,,
T99-0542,,,
T99-0543,,,
T99-0544,,,
T99-0545,,,
T99-0546,,,
T99-0547,,,
T99-0548,,,
T99-0549,,,
T99-0550,,,
T99-0551,,,
T99-0552,,,
T99-0553,,,
T99-0554,,,
T99-0555,,,
T99-0556,,,
T99-0557,,,
T99-0558,,,
T99-0559,,,
T99-0560,,,
T99-0561,,,
T99-0562,,,
T99-0563,,,
T99-0564,,,
T99-0565,,,
T99-0566,,,
T99-0567,,,
T99-0568,,,
T99-0569,,,
T99-0570,,,
T99-0571,,,
T99-0572,,,
T99-0573,,,
T99-0574,,,
T99-0575,,,
T99-0576,,,
T99-0577,,,
T99-0578,,,
T99-0579,,,
T99-0580,,,
T99-0581,,,
T99-0582,,,
T99-0583,,,
T99-0584,,,
T99-0585,,,
T99-0586,,,
T99-0587,,,
T99-0588,,,
T99-0589,,,
T99-0590,,,
T99-0591,,,
T99-0592,,,
T99-0593,,,
T99-0594,,,
T99-0595,,,
T99-0596,,,
T99-0597,,,
T99-0598,,,
T99-0599,,,
T99-0600,,,
T99-0601,,,
T99-0602,,,
T99-0603,,,
T99-0604,,,
T99-0605,,,
T99-0606,,,
T99-0607,,,
T99-0608,,,
T99-0609,,,
T99-0610,,,
T99-0611,,,
T99-0612,,,
T99-0613,,,
T99-0614,,,
T99-0615,,,
T99-0616,,,
T99-0617,,,
T99-0618,,,
T99-0619,,,
T99-0620,,,
T99-0621,,,
T99-0622,,,
T99-0623,,,
T99-0624,,,
T99-0625,,,
T99-0626,,,
T99-0627,,,
T99-0628,,,
T99-0629,,,
T99-0630,,,
T99-0631,,,
T99-0632,,,
T99-0633,,,
T99-0634,,,
T99-0635,,,
T99-0636,,,
T99-0637,,,
T99-0638,,,
T99-0639,,,
T99-0640,,,
T99-0641,,,
T99-0642,,,
T99-0643,,,
T99-0644,,,
T99-0645,,,
T99-0646,,,
T99-0647,,,
T99-0648,,,
T99-0649,,,
T99-0650,,,
T99-0651,,,
T99-0652,,,
T99-0653,,,
T99-0654,,,
T99-0655,,,
T99-0656,,,
T99-0657,,,
T99-0658,,,
T99-0659,,,
T99-0660,,,
T99-0661,,,
T99-0662,,,
T99-0663,,,
T99-0664,,,
T99-0665,,,
T99-0666,,,
T99-0667,,,
T99-0668,,,
T99-0669,,,
T99-0670,,,
T99-0671,,,
T99-0672,,,
T99-0673,,,
T99-0674,,,
T99-0675,,,
T99-0676,,,
T99-0677,,,
T99-0678,,,
T99-0679,,,
T99-0680,,,
T99-0681,,,
T99-0682,,,
T99-0683,,,
T99-0684,,,
T99-0685,,,
T99-0686,,,
T99-0687,,,
T99-0688,,,
T99-0689,,,
T99-0690,,,
T99-0691,,,
T99-0692,,,
T99-0693,,,
T99-0694,,,
T99-0695,,,
T99-0696,,,
T99-0697,,,
T99-0698,,,
T99-0699,,,
T99-0700,,,
T99-0701,,,
T99-0702,,,
T99-0703,,,
T99-0704,,,
T99-0705,,,
T99-0706,,,
T99-0707,,,
T99-0708,,,
T99-0709,,,
T99-0710,,,
T99-0711,,,
T99-0712,,,
T99-0713,,,
T99-0714,,,
T99-0715,,,
T99-0716,,,
T99-0717,,,
T99-0718,,,
T99-0719,,,
T99-0720,,,
T99-0721,,,
T99-0722,,,
T99-0723,,,
T99-0724,,,
T99-0725,,,
T99-0726,,,
T99-0727,,,
T99-0728,,,
T99-0729,,,
T99-0730,,,
T99-0731,,,
T99-0732,,,
T99-0733,,,
T99-0734,,,
T99-0735,,,
T99-0736,,,
T99-0737,,,
T99-0738,,,
T99-0739,,,
T99-0740,,,
T99-0741,,,
T99-0742,,,
T99-0743,,,
T99-0744,,,
T99-0745,,,
T99-0746,,,
T99-0747,,,
T99-0748,,,
T99-0749,,,
T99-0750,,,
T99-0751,,,
T99-0752,,,
T99-0753,,,
T99-0754,,,
T99-0755~0757,,,
T99-0758,,,
T99-0759,,,
T99-0760,,,
T99-0761,,,
T99-0762,,,
T99-0763,,,
T99-0764,,,
T99-0765,,,
T99-0766,,,
T99-0767,,,
T99-0768,,,
T99-0769,,,
T99-0770,,,
T99-0771,,,
T99-0772~0774,,,
T99-0775,,,
T99-0776,,,
T99-0777,,,
T99-0778,,,
T99-0779,,,
T99-0780,,,
T99-0781,,,
T99-0782,,,
T99-0783,,,
T99-0784,,,
T99-0785,,,
T99-0786,,,
T99-0787,,,
T99-0788,,,
T99-0789,,,
T99-0790,,,
T99-0791,,,
T99-0792,,,
T99-0793,,,
T99-0794,,,
T99-0795,,,
T99-0796,,,
T99-0797,,,
T99-0798,,,
T99-0799,,,
T99-0800,,,
T99-0801,,,
T99-0802,,,
T99-0803,,,
T99-0804,,,
T99-0805,,,
T99-0806,,,
T99-0807,,,
T99-0808,,,
T99-0809,,,
T99-0810,,,
T99-0811~0812,,,
T99-0813,,,
T99-0814,,,
T99-0815,,,
T99-0816,,,
T99-0817,,,
T99-0818,,,
T99-0819,,,
T99-0820,,,
T99-0821,,,
T99-0822,,,
T99-0823,,,
T99-0824,,,
T99-0825,,,
T99-0826,,,
T99-0827,,,
T99-0828,,,
T99-0829,,,
T99-0830,,,
T99-0831,,,
T99-0832,,,
T99-0833,,,
T99-0834,,,
T99-0835,,,
T99-0836,,,
T99-0837,,,
T99-0838,,,
T99-0839,,,
T99-0840,,,
T99-0841,,,
T99-0842,,,
T99-0843,,,
T99-0844,,,
T99-0845,,,
T99-0846,,,
T99-0847,,,
T99-0848,,,
T99-0849,,,
T99-0850,,,
T99-0851,,,
T99-0852,,,
T99-0853,,,
T99-0854,,,
T99-0855,,,
T99-0856,,,
T99-0857,,,
T99-0858,,,
T99-0859,,,
T99-0860,,,
T99-0861,,,
T99-0862,,,
T99-0863,,,
T99-0864,,,
T99-0865,,,
T99-0866,,,
T99-0867,,,
T99-0868,,,
T99-0869,,,
T99-0870,,,
T99-0871,,,
T99-0872,,,
T99-0873,,,
T99-0874,,,
T99-0875,,,
T99-0876,,,
T99-0877,,,
T99-0878,,,
T99-0879,,,
T99-0880,,,
T99-0881,,,
T99-0882,,,
T99-0883,,,
T99-0884,,,
T99-0885,,,
T99-0886,,,
T99-0887,,,
T99-0888,,,
T99-0889,,,
T99-0890,,,
T99-0891,,,
T99-0892,,,
T99-0893,,,
T99-0894,,,
T99-0895,,,
T99-0896,,,
T99-0897,,,
T99-0898,,,
T99-0899,,,
T99-0900,,,
T99-0901,,,
T99-0902,,,
T99-0903,,,
T99-0904,,,
T99-0905,,,
T99-0906,,,
T99-0907,,,
T99-0908,,,
T99-0909,,,
T99-0910,,,
T99-0911,,,
T99-0912,,,
T99-0913,,,
T99-0914,,,
T99-0915,,,
T99-0916,,,
T99-0917,,,
T99-0918,,,
T99-0919,,,
T99-0920,,,
T99-0921,,,
T99-0922,,,
T99-0923,,,
T99-0924,,,
T99-0925,,,
T99-0926,,,
T99-0927,,,
T99-0928,,,
T99-0929,,,
T99-0930,,,
T99-0931,,,
T99-0932,,,
T99-0933,,,
T99-0934,,,
T99-0935,,,
T99-0936,,,
T99-0937,,,
T99-0938,,,
T99-0939,,,
T99-0940,,,
T99-0941,,,
T99-0942,,,
T99-0943,,,
T99-0944,,,
T99-0945,,,
T99-0946,,,
T99-0947,,,
T99-0948,,,
T99-0949,,,
T99-0950,,,
T99-0951,,,
T99-0952,,,
T99-0953,,,
T99-0954,,,
T99-0955,,,
T99-0956,,,
T99-0957,,,
T99-0958,,,
T99-0959,,,
T99-0960,,,
T99-0961,,,
T99-0962,,,
T99-0963,,,
T99-0964,,,
T99-0965,,,
T99-0966,,,
T99-0967,,,
T99-0968,,,
T99-0969,,,
T99-0970,,,
T99-0971,,,
T99-0972,,,
T99-0973,,,
T99-0974,,,
T99-0975,,,
T99-0976,,,
T99-0977,,,
T99-0978,,,
T99-0979,,,
T99-0980,,,
T99-0981,,,
T99-0982,,,
T99-0983,,,
T99-0984,,,
T99-0985,,,
T99-0986,,,
T99-0987,,,
T99-0988,,,
T99-0989,,,
T99-0990,,,
T99-0991,,,
T99-0992,,,
T99-0993,,,
T99-0994,,,
T99-0995,,,
T99-0996,,,
T99-0997,,,
T99-0998,,,
T99-0999,,,
T99-1000,,,
T99-1001,,,
T99-1002,,,
T99-1003,,,
T99-1004,,,
T99-1005,,,
T99-1006,,,
T99-1007,,,
T99-1008,,,
T99-1009,,,
T99-1010,,,
T99-1011,,,
T99-1012,,,
T99-1013,,,
T99-1014,,,
T99-1015,,,
T99-1016,,,
T99-1017,,,
T99-1018,,,
T99-1019,,,
T99-1020,,,
T99-1021,,,
T99-1022,,,
T99-1023,,,
T99-1024,,,
T99-1025,,,
T99-1026,,,
T99-1027,,,
T99-1028,,,
T99-1029,,,
T99-1030,,,
T99-1031,,,
T99-1032,,,
T99-1033,,,
T99-1034,,,
T99-1035,,,
T99-1036,,,
T99-1037,,,
T99-1038,,,
T99-1039,,,
T99-1040,,,
T99-1041,,,
T99-1042,,,
T99-1043,,,
T99-1044,,,
T99-1045,,,
T99-1046,,,
T99-1047,,,
T99-1048,,,
T99-1049,,,
T99-1050,,,
T99-1051,,,
T99-1052,,,
T99-1053,,,
T99-1054,,,
T99-1055,,,
T99-1056,,,
T99-1057,,,
T99-1058,,,
T99-1059,,,
T99-1060,,,
T99-1061,,,
T99-1062,,,
T99-1063,,,
T99-1064,,,
T99-1065,,,
T99-1066,,,
T99-1067,,,
T99-1068,,,
T99-1069,,,
T99-1070,,,
T99-1071,,,
T99-1072,,,
T99-1073,,,
T99-1074,,,
T99-1075,,,
T99-1076,,,
T99-1077,,,
T99-1078,,,
T99-1079,,,
T99-1080,,,
T99-1081,,,
T99-1082,,,
T99-1083,,,
T99-1084,,,
T99-1085,,,
T99-1086,,,
T99-1087,,,
T99-1088,,,
T99-1089,,,
T99-1090,,,
T99-1091,,,
T99-1092,,,
T99-1093,,,
T99-1094,,,
T99-1095,,,
T99-1096,,,
T99-1097,,,
T99-1098,,,
T99-1099,,,
T99-1100,,,
T99-1101,,,
T99-1102,,,
T99-1103,,,
T99-1104,,,
T99-1105,,,
T99-1106,,,
T99-1107,,,
T99-1108,,,
T99-1109,,,
T99-1110,,,
T99-1111,,,
T99-1112,,,
T99-1113,,,
T99-1114,,,
T99-1115,,,
T99-1116,,,
T99-1117,,,
T99-1118,,,
T99-1119,,,
T99-1120,,,
T99-1121,,,
T99-1122,,,
T99-1123,,,
T99-1124,,,
T99-1125,,,
T99-1126,,,
T99-1127,,,
T99-1128,,,
T99-1129,,,
T99-1130,,,
T99-1131,,,
T99-1132,,,
T99-1133,,,
T99-1134,,,
T99-1135,,,
T99-1136,,,
T99-1137,,,
T99-1138,,,
T99-1139,,,
T99-1140,,,
T99-1141,,,
T99-1142,,,
T99-1143,,,
T99-1144,,,
T99-1145,,,
T99-1146,,,
T99-1147,,,
T99-1148,,,
T99-1149,,,
T99-1150,,,
T99-1151,,,
T99-1152,,,
T99-1153,,,
T99-1154,,,
T99-1155,,,
T99-1156,,,
T99-1157,,,
T99-1158,,,
T99-1159,,,
T99-1160,,,
T99-1161,,,
T99-1162,,,
T99-1163,,,
T99-1164,,,
T99-1165,,,
T99-1166,,,
T99-1167,,,
T99-1168,,,
T99-1169,,,
T99-1170,,,
T99-1171,,,
T99-1172,,,
T99-1173,,,
T99-1174,,,
T99-1175,,,
T99-1176,,,
T99-1177,,,
T99-1178,,,
T99-1179,,,
T99-1180,,,
T99-1181,,,
T99-1182,,,
T99-1183,,,
T99-1184,,,
T99-1185,,,
T99-1186,,,
T99-1187,,,
T99-1188,,,
T99-1189,,,
T99-1190,,,
T99-1191,,,
T99-1192,,,
T99-1193,,,
T99-1194,,,
T99-1195,,,
T99-1196,,,
T99-1197,,,
T99-1198,,,
T99-1199,,,
T99-1200,,,
T99-1201,,,
T99-1202,,,
T99-1203,,,
T99-1204,,,
T99-1205,,,
T99-1206,,,
T99-1207,,,
T99-1208,,,
T99-1209,,,
T99-1210,,,
T99-1211,,,
T99-1212,,,
T99-1213,,,
T99-1214,,,
T99-1215,,,
T99-1216,,,
T99-1217,,,
T99-1218,,,
T99-1219,,,
T99-1220,,,
T99-1221,,,
T99-1222,,,
T99-1223,,,
T99-1224,,,
T99-1225,,,
T99-1226,,,
T99-1227,,,
T99-1228,,,
T99-1229,,,
T99-1230,,,
T99-1231,,,
T99-1232,,,
T99-1233,,,
T99-1234,,,
T99-1235,,,
T99-1236,,,
T99-1237,,,
T99-1238,,,
T99-1239,,,
T99-1240,,,
T99-1241,,,
T99-1242,,,
T99-1243,,,
T99-1244,,,
T99-1245,,,
T99-1246,,,
T99-1247,,,
T99-1248,,,
T99-1249,,,
T99-1250,,,
T99-1251,,,
T99-1252,,,
T99-1253,,,
T99-1254,,,
T99-1255,,,
T99-1256,,,
T99-1257,,,
T99-1258,,,
T99-1259,,,
T99-1260,,,
T99-1261,,,
T99-1262,,,
T99-1263,,,
T99-1264,,,
T99-1265,,,
T99-1266,,,
T99-1267,,,
T99-1268,,,
T99-1269,,,
T99-1270,,,
T99-1271,,,
T99-1272,,,
T99-1273,,,
T99-1274,,,
T99-1275,,,
T99-1276,,,
T99-1277,,,
T99-1278,,,
T99-1279,,,
T99-1280,,,
T99-1281,,,
T99-1282,,,
T99-1283,,,
T99-1284,,,
T99-1285,,,
T99-1286,,,
T99-1287,,,
T99-1288,,,
T99-1289,,,
T99-1290,,,
T99-1291,,,
T99-1292,,,
T99-1293,,,
T99-1294,,,
T99-1295,,,
T99-1296,,,
T99-1297,,,
T99-1298,,,
T99-1299,,,
T99-1300,,,
T99-1301,,,
T99-1302,,,
T99-1303,,,
T99-1304,,,
T99-1305,,,
T99-1306,,,
T99-1307,,,
T99-1308,,,
T99-1309,,,
T99-1310,,,
T99-1311,,,
T99-1312,,,
T99-1313,,,
T99-1314,,,
T99-1315,,,
T99-1316,,,
T99-1317,,,
T99-1318,,,
T99-1319,,,
T99-1320,,,
T99-1321,,,
T99-1322,,,
T99-1323,,,
T99-1324,,,
T99-1325,,,
T99-1326,,,
T99-1327,,,
T99-1328,,,
T99-1329,,,
T99-1330,,,
T99-1331,,,
T99-1332,,,
T99-1333,,,
T99-1334,,,
T99-1335,,,
T99-1336,,,
T99-1337,,,
T99-1338,,,
T99-1339,,,
T99-1340,,,
T99-1341,,,
T99-1342,,,
T99-1343,,,
T99-1344,,,
T99-1345,,,
T99-1346,,,
T99-1347,,,
T99-1348,,,
T99-1349,,,
T99-1350,,,
T99-1351,,,
T99-1352,,,
T99-1353,,,
T99-1354,,,
T99-1355,,,
T99-1356,,,
T99-1357,,,
T99-1358,,,
T99-1359,,,
T99-1360,,,
T99-1361,,,
T99-1362,,,
